firstName,lastName,phone,email,event
Khalil,Godney,kgodney0@si.edu,605-396-7204,Dupi
Pancho,Saines,psaines1@flavors.me,318-114-0121,Shreveport
Myrta,Seabrook,mseabrook2@bloglovin.com,338-464-6429,Majia
Madelene,Druitt,mdruitt3@slashdot.org,364-582-2109,Pravdinsk
Sly,Woolager,swoolager4@zimbio.com,421-205-6045,Qinggou
Martie,Brownsill,mbrownsill5@theguardian.com,846-787-2278,Lauro de Freitas
Faustina,Croutear,fcroutear6@behance.net,928-102-1209,Gaoshan
Hakeem,Leith,hleith7@cdbaby.com,992-441-5429,Mogapi
Kimberley,Amburgy,kamburgy8@techcrunch.com,708-319-5419,Ḩammām Wāşil
Sully,Flanders,sflanders9@lycos.com,117-661-7782,Nikol’skoye
Patric,Shegog,pshegoga@dagondesign.com,242-775-6714,Wuyang
Georgie,Biglin,gbiglinb@yandex.ru,385-115-3319,Navais
Lynn,Guilford,lguilfordc@xing.com,981-141-5050,Juru
Kathi,O'Lagene,kolagened@ning.com,322-273-8614,Palmerston North
Reine,Phillpot,rphillpote@geocities.com,887-400-6237,Dīla
Mendel,Carlsson,mcarlssonf@digg.com,509-954-9318,Cikaduen
Nanete,Ripsher,nripsherg@si.edu,769-256-9330,Laocheng
Johanna,Wasson,jwassonh@columbia.edu,792-812-1962,Constance
Manon,Stickels,mstickelsi@bbb.org,793-330-4741,Guisa
Genevieve,Thorley,gthorleyj@fc2.com,881-118-3079,Sangoleng
Lynn,Bradder,lbradderk@freewebs.com,239-715-1903,Mizdah
Rab,Atyea,ratyeal@wordpress.com,309-331-7088,Ciriri
Kristoforo,Strivens,kstrivensm@skype.com,604-867-1395,Al Mawşil al Jadīdah
Dael,Berzon,dberzonn@msu.edu,422-555-8591,La Mohammedia
Adore,Sibun,asibuno@skyrock.com,378-893-3953,Agusan
Farr,Summerside,fsummersidep@webmd.com,283-582-5756,Xianqiao
Marabel,Sancroft,msancroftq@alibaba.com,488-680-8414,Tengger
Lind,Lipprose,llipproser@cisco.com,612-614-9695,Choa Saidān Shāh
Ariel,Dicty,adictys@desdev.cn,781-535-0361,Libao
Ethan,Cluett,ecluettt@indiegogo.com,908-268-4227,Bendosewu
Carroll,Boc,cbocu@mac.com,711-214-5706,São Martinho de Árvore
Blanch,Upex,bupexv@prnewswire.com,428-409-2215,Kowo
Rosalia,Davis,rdavisw@abc.net.au,780-112-9500,Kunheda Woerzu Manzu
Mace,Perocci,mperoccix@miibeian.gov.cn,402-998-8808,Avignon
Candi,Spellworth,cspellworthy@twitpic.com,252-902-9621,Cidamar
Madison,Gooble,mgooblez@theguardian.com,619-176-4609,Xiehu
Ginger,Dellow,gdellow10@indiatimes.com,385-394-3152,Guadalupe
Berty,Sprankling,bsprankling11@wisc.edu,359-379-4918,Wichit
Bank,Bricknall,bbricknall12@list-manage.com,561-703-2083,Guiyang
Melisa,Baggot,mbaggot13@opera.com,829-925-6502,Guanting
Rolland,Lenham,rlenham14@dyndns.org,281-382-1521,Sindangsari
Matilda,Grigoire,mgrigoire15@artisteer.com,954-326-3093,Merke
Florrie,de Zamora,fdezamora16@narod.ru,699-442-9322,Zaindainxoi
Christian,Freeland,cfreeland17@senate.gov,124-901-8206,Jinping
Bat,Yelyashev,byelyashev18@springer.com,403-513-5725,Longtian
Alisha,Collington,acollington19@chron.com,506-744-1793,Lebak
Roselle,Callingham,rcallingham1a@google.nl,856-952-4386,Petropavlovskaya
Sabrina,Gommey,sgommey1b@telegraph.co.uk,845-171-5129,Daliang
Buckie,Kruszelnicki,bkruszelnicki1c@merriam-webster.com,478-538-2076,Ouranoupolis
Neile,Rowswell,nrowswell1d@umn.edu,518-437-7245,Fukuroi
Ximenez,Bisset,xbisset1e@example.com,492-930-8348,Trelew
Slade,Roll,sroll1f@livejournal.com,470-963-8855,Rovira
Rafa,Babidge,rbabidge1g@merriam-webster.com,572-603-2760,Jaworzyna Śląska
Cecilia,Conry,cconry1h@4shared.com,786-796-1549,Sa'dah
Shelley,MacKain,smackain1i@hc360.com,333-620-1163,El Crucero
Tiffie,Eldred,teldred1j@devhub.com,540-783-8477,Xiangcunxiang
Dilan,Sheara,dsheara1k@smh.com.au,725-870-5723,Pilaya
Donny,Dachs,ddachs1l@webeden.co.uk,700-959-9890,Dalsjöfors
Marlo,Eastman,meastman1m@ucoz.ru,894-222-0718,Milagros
Rozina,Slayton,rslayton1n@whitehouse.gov,929-650-7949,Magtaking
Niels,Lambrook,nlambrook1o@xrea.com,551-838-9558,Tiandian
Karlene,Runcieman,kruncieman1p@soup.io,373-948-2055,Cibeusi
Jeannine,Townley,jtownley1q@bloglines.com,252-274-3176,Tieling
Roda,Prevett,rprevett1r@lulu.com,202-323-7968,Washington
Kingsly,Glayzer,kglayzer1s@unblog.fr,287-178-1796,Tiền Hải
Bernelle,Zaniolini,bzaniolini1t@globo.com,748-155-1309,Bajiazi
Lishe,Geydon,lgeydon1u@godaddy.com,469-518-1668,Dallas
Tomi,Eastcott,teastcott1v@tiny.cc,414-863-1843,Charat
Edee,Horsey,ehorsey1w@sbwire.com,957-617-4227,Gaoyi
Mayor,Bance,mbance1x@pinterest.com,274-494-1078,Xinan
Gabrielle,Losano,glosano1y@wired.com,804-599-1988,Nezvěstice
Adora,Bowlas,abowlas1z@quantcast.com,949-557-6291,La Cumbre
Sioux,Kundert,skundert20@google.co.jp,442-172-7331,Kobrinskoye
Alisun,Stonelake,astonelake21@vinaora.com,867-202-2433,Ārt Khwājah
Haily,Richens,hrichens22@1688.com,493-530-4298,Kon Tum
Delinda,Stibbs,dstibbs23@lulu.com,173-321-6258,Cigaleuh Kulon
Renate,Shawl,rshawl24@cdc.gov,622-141-9372,Novyye Cherëmushki
Wren,Emblen,wemblen25@jimdo.com,862-957-2841,Pyhäjoki
Prince,Bonefant,pbonefant26@ihg.com,714-840-2027,Nasilava
Cirillo,Skyme,cskyme27@squidoo.com,348-919-5055,Easington
Jasen,Olyff,jolyff28@plala.or.jp,559-283-4403,Manuel Cavazos Lerma
Bronny,Kernock,bkernock29@globo.com,812-831-5476,Meishan
Elnar,Hotchkin,ehotchkin2a@twitter.com,221-324-5927,Ifakara
Beverly,Kubiak,bkubiak2b@examiner.com,202-287-4478,Washington
Rhoda,Trevaskis,rtrevaskis2c@list-manage.com,213-970-1476,Valjevo
Ingeberg,Askin,iaskin2d@archive.org,379-585-3631,Syanno
Kurt,Denziloe,kdenziloe2e@4shared.com,690-251-2477,Lens
Jenifer,Smickle,jsmickle2f@last.fm,678-897-3874,Itápolis
Lew,Jedras,ljedras2g@typepad.com,966-584-8457,Chlumec nad Cidlinou
Gianna,Hungerford,ghungerford2h@themeforest.net,383-986-8469,Mudon
Neal,Sutherel,nsutherel2i@seesaa.net,165-303-2482,Cangshi
Pru,Jagg,pjagg2j@weibo.com,678-140-8241,La Rochelle
Humphrey,Peizer,hpeizer2k@desdev.cn,987-498-7881,Nevesinje
Kathy,Jendrach,kjendrach2l@globo.com,509-464-3510,Nerópolis
Lyndell,Kevlin,lkevlin2m@usnews.com,106-432-2180,Grazhdanka
Phylys,Earsman,pearsman2n@vistaprint.com,818-568-5441,Göteborg
Joyous,McNiff,jmcniff2o@goo.gl,286-973-3390,Orleans
Timmie,Londsdale,tlondsdale2p@google.it,429-976-5019,Luhe
Emmerich,Fendley,efendley2q@cyberchimps.com,271-501-2749,Haishan
Dame,McClurg,dmcclurg2r@edublogs.org,252-896-6305,Balungkopi
Sydel,Phlippsen,sphlippsen2s@ted.com,312-185-1792,Myski
Korie,Brereton,kbrereton2t@dot.gov,747-496-3408,Diawara
Elaina,Bellie,ebellie2u@wp.com,622-312-8227,Qianpai
Celinda,Branney,cbranney2v@europa.eu,232-422-3420,Gandi
Noelle,Stack,nstack2w@fastcompany.com,656-606-1480,Tuplice
Pippa,Deem,pdeem2x@apple.com,161-700-5344,Zgornje Gorje
Sky,Byatt,sbyatt2y@addthis.com,170-340-3086,Suhe
Alvera,Vamplus,avamplus2z@addtoany.com,876-509-4312,Sirāhā
Felike,Bonham,fbonham30@newyorker.com,970-734-3137,Ximapo
Marj,Burman,mburman31@irs.gov,675-203-7547,Magatos
Carolyn,Mathewson,cmathewson32@acquirethisname.com,315-780-6421,Khakhea
Guilbert,Watkin,gwatkin33@fotki.com,915-370-1420,Mongar
Hamlen,Ingliss,hingliss34@abc.net.au,617-340-5801,Zaoshi
Giavani,Rebanks,grebanks35@netlog.com,349-404-6029,Paris 05
Robin,Tregunnah,rtregunnah36@unicef.org,813-435-3220,Ujung Gading
Adena,Mustchin,amustchin37@engadget.com,660-687-2490,Polo
Delora,Shuttlewood,dshuttlewood38@wiley.com,864-519-2447,Shinkafe
Ilene,Cluley,icluley39@jugem.jp,996-429-0953,Sudogda
Tadio,Grierson,tgrierson3a@whitehouse.gov,281-135-2163,Masindi
Thekla,Clemmen,tclemmen3b@hostgator.com,552-247-0600,Bochov
Octavia,Anmore,oanmore3c@acquirethisname.com,667-277-9249,Paris 02
Rabi,Scarlan,rscarlan3d@eepurl.com,496-162-5799,Vygonichi
Lionel,Flatley,lflatley3e@mail.ru,724-586-0049,Mangulewa
Debby,Oppie,doppie3f@who.int,482-415-4669,Krajan
Barbi,Humfrey,bhumfrey3g@scribd.com,785-321-4103,Taganskiy
Seamus,Eschalette,seschalette3h@behance.net,213-456-7048,Cliza
Kiele,Noice,knoice3i@cnbc.com,713-419-6427,Rayside-Balfour
Vinni,Doberer,vdoberer3j@cisco.com,740-343-6931,Chust Shahri
Joshia,Bough,jbough3k@reverbnation.com,918-507-5713,Pyatigorskiy
Cleo,Scarsbrick,cscarsbrick3l@psu.edu,390-848-6306,Argelia
Rhetta,Chasen,rchasen3m@mail.ru,613-318-8771,Negla
Sisile,Doust,sdoust3n@xing.com,598-801-9350,Krzykosy
Jeana,Deedes,jdeedes3o@alibaba.com,364-665-5674,Sijihong
Constantino,Tong,ctong3p@opensource.org,488-494-4064,Donghuang
Ezmeralda,Baudou,ebaudou3q@friendfeed.com,538-311-2065,Panyingkiran
Anabel,Gulliver,agulliver3r@usa.gov,263-544-5777,Agnibilékrou
Ki,Hambrick,khambrick3s@liveinternet.ru,143-103-3811,Gaojian
Abbie,Walsom,awalsom3t@alibaba.com,248-174-9762,Mesopotam
Aharon,Bartleet,abartleet3u@livejournal.com,488-818-6309,Villa Ocampo
Dulcy,Loveguard,dloveguard3v@tiny.cc,611-535-0636,Stockholm
Reilly,Hodjetts,rhodjetts3w@storify.com,175-737-7344,Utmānzai
Danielle,Malimoe,dmalimoe3x@homestead.com,682-159-0000,Bajina Bašta
Nicko,Letty,nletty3y@hubpages.com,364-598-3419,Quipot
Mildred,Duley,mduley3z@virginia.edu,377-325-8261,Columbeira
Syman,Giordano,sgiordano40@ihg.com,639-792-4484,Ibiá
Barrett,Chazotte,bchazotte41@barnesandnoble.com,138-390-8881,Bajo
Archibaldo,Bonnier,abonnier42@lycos.com,223-994-4596,Orvault
Farrel,Chaldecott,fchaldecott43@studiopress.com,820-892-4431,Feteira Grande
Nessi,Gillman,ngillman44@techcrunch.com,187-775-3205,Vittoriosa
Vivi,Highman,vhighman45@cbsnews.com,323-509-5079,Hashaat
Manolo,Scamadin,mscamadin46@craigslist.org,510-174-2007,Brétigny-sur-Orge
Job,Shipcott,jshipcott47@dyndns.org,747-376-6509,Deskáti
Aigneis,Espinoza,aespinoza48@umich.edu,399-690-5373,Masku
Gertrudis,Yesichev,gyesichev49@theglobeandmail.com,318-213-4715,Jablah
Gradeigh,Cotty,gcotty4a@pinterest.com,327-339-7854,Quintã
Tabbi,Patching,tpatching4b@ehow.com,711-256-6490,Arroyito
Bellina,Blacksland,bblacksland4c@newyorker.com,914-300-9336,Nantes
Kara,Gartside,kgartside4d@taobao.com,372-552-5400,Ryōtsu-minato
Waring,Ingman,wingman4e@ifeng.com,354-471-6857,Nosy Varika
Isidro,Belvard,ibelvard4f@earthlink.net,127-725-4839,Shapaja
Binni,Durbann,bdurbann4g@sfgate.com,388-288-2776,Yudai
Pinchas,Sollom,psollom4h@creativecommons.org,412-560-1730,Kefar Shemaryahu
Suzi,Langsbury,slangsbury4i@domainmarket.com,201-711-4560,Kuwumkumambal
Kellia,Lindemann,klindemann4j@irs.gov,597-669-6339,Farah
Andris,Reuter,areuter4k@guardian.co.uk,391-102-5448,Fengqiao
Kalindi,Dally,kdally4l@pen.io,403-733-5877,Yangxiang
Carmencita,Cocci,ccocci4m@cbslocal.com,766-356-0551,Cestas
Sollie,Meadley,smeadley4n@yale.edu,427-650-8149,Pingdu
Kary,Wheowall,kwheowall4o@imageshack.us,443-251-1031,Corralito
Barnard,Reuther,breuther4p@bbb.org,902-466-2480,Aurora
Orson,Gumey,ogumey4q@ezinearticles.com,849-585-0469,Daidaon
Rowan,Grimmer,rgrimmer4r@salon.com,654-694-6223,Gustavsberg
Sim,Ambrogetti,sambrogetti4s@dagondesign.com,467-897-2719,Babakankadu
Fifi,Castelluzzi,fcastelluzzi4t@slideshare.net,800-942-1784,La Unión
Brien,Gutch,bgutch4u@reuters.com,457-954-4523,Helang
Martainn,Hallows,mhallows4v@oracle.com,602-122-3144,Peliyagoda
Virgilio,Gerkens,vgerkens4w@spiegel.de,486-558-0082,Bungo-Takada-shi
Reid,Standell,rstandell4x@reference.com,802-223-0399,Suugaant
Mechelle,Coyett,mcoyett4y@weebly.com,532-531-7749,Huaibei
Farly,Zorzi,fzorzi4z@webeden.co.uk,431-221-7185,Ciro Redondo
Llewellyn,Annand,lannand50@senate.gov,130-893-7673,Santisimo Rosario
Jephthah,Clowney,jclowney51@cornell.edu,601-154-8183,Oborniki Śląskie
Vinnie,McCandless,vmccandless52@weibo.com,477-798-5623,Panayagan
Glen,Gyrgorcewicx,ggyrgorcewicx53@exblog.jp,175-198-5671,Xinjian
Maude,Killingsworth,mkillingsworth54@fema.gov,674-220-3469,Črenšovci
Ottilie,Georgeon,ogeorgeon55@ocn.ne.jp,753-936-7446,Santo Antônio de Pádua
Elnore,Catford,ecatford56@army.mil,338-407-4243,Rostov-na-Donu
Kristy,Shoulder,kshoulder57@forbes.com,263-974-9703,Melaka
Kara-lynn,Leet,kleet58@odnoklassniki.ru,466-958-1262,Vila Nova
Haily,Iannitti,hiannitti59@intel.com,667-300-0013,HanHuang
Ronni,Pailin,rpailin5a@howstuffworks.com,837-381-5692,Sablé-sur-Sarthe
Marci,Tysall,mtysall5b@exblog.jp,654-959-8349,Quintães
Valentina,Watkinson,vwatkinson5c@arizona.edu,687-717-1878,Lanús
Idaline,Arnaldy,iarnaldy5d@altervista.org,842-698-2029,Kwatarkwashi
Katlin,Calcutt,kcalcutt5e@bing.com,706-470-3369,Reda
Sharai,Bester,sbester5f@nymag.com,870-623-9520,Changjiangbu
Chickie,Lyfe,clyfe5g@live.com,356-368-7060,Sepanjang
Culley,Deplacido,cdeplacido5h@omniture.com,224-459-8067,Bahe
Breanne,Dooher,bdooher5i@ft.com,657-460-0336,Norsborg
Jeffy,Felton,jfelton5j@slideshare.net,704-456-1386,Eiguliai
Barby,De Mattia,bdemattia5k@gizmodo.com,236-979-0604,Kayes
Dayna,Corneil,dcorneil5l@blinklist.com,376-596-8944,Arshaluys
Ginger,Cottu,gcottu5m@merriam-webster.com,949-639-9003,Quintinha
Otis,Freeman,ofreeman5n@sfgate.com,115-573-3326,Krajan Jamprong
Jayne,Griffoen,jgriffoen5o@t-online.de,952-133-4277,Itajuípe
Melisent,Bickersteth,mbickersteth5p@si.edu,918-686-8196,Keleleng
Ellynn,Oulner,eoulner5q@ebay.com,200-832-6470,Amman
Truman,Doohey,tdoohey5r@theatlantic.com,436-826-1194,Tinambacan
Garnet,O'Brollachain,gobrollachain5s@cam.ac.uk,993-761-7426,Acomayo
Ad,Lauret,alauret5t@theatlantic.com,945-420-0991,Nikolayevka
Alma,Betham,abetham5u@cpanel.net,108-529-2494,Novomoskovsk
Adrienne,Haskett,ahaskett5v@mashable.com,651-172-7046,Voiron
Jackquelin,Brunon,jbrunon5w@ted.com,708-234-7925,Langkou
Obadiah,Portlock,oportlock5x@prweb.com,758-626-2121,Gimbi
Susann,Labba,slabba5y@berkeley.edu,876-148-1519,Babak
Cassy,Polgreen,cpolgreen5z@psu.edu,886-754-8308,Zhangwan
Delia,Salzberg,dsalzberg60@posterous.com,450-543-7968,Maumbawa
Abeu,Gillum,agillum61@narod.ru,672-631-4163,Cihambali
Gertie,Glendza,gglendza62@buzzfeed.com,900-752-2447,Mnogoudobnoye
Baird,Bosanko,bbosanko63@nbcnews.com,116-473-7693,Qinjiang
Patty,Larking,plarking64@utexas.edu,619-114-1734,Chowṉêy
Estell,Huleatt,ehuleatt65@infoseek.co.jp,381-587-7589,Wādī Raḩḩāl
Penelopa,De Michetti,pdemichetti66@gizmodo.com,211-394-9497,Xinxian
Amber,Applewhite,aapplewhite67@altervista.org,557-420-3022,Sibucao
Jsandye,Molyneux,jmolyneux68@gizmodo.com,996-199-1957,Daugavgrīva
Horst,Yakovitch,hyakovitch69@artisteer.com,511-648-8201,Łazy
Felizio,Edensor,fedensor6a@tuttocitta.it,547-518-5260,Leones
Chuck,Roylance,croylance6b@scientificamerican.com,646-855-7521,Zhangfang
Adan,Venard,avenard6c@techcrunch.com,798-308-3717,Gelgaudiškis
Evered,Tootell,etootell6d@goo.gl,103-550-1267,Burgastai
Monte,Dunkinson,mdunkinson6e@fc2.com,436-722-9172,Nida
Meredithe,Bemment,mbemment6f@networksolutions.com,155-611-8098,Hajnówka
Bordie,Beinke,bbeinke6g@rakuten.co.jp,609-592-8615,Guantian
Yves,Stollsteiner,ystollsteiner6h@census.gov,913-798-8285,Arauca
Ryan,Stockow,rstockow6i@dot.gov,360-408-7941,Nagrog
Saundra,Baldoni,sbaldoni6j@chron.com,534-954-8523,Ivano-Frankove
Leontine,Bestwall,lbestwall6k@wordpress.org,326-597-7046,Bi’r Ḩāt
Sarette,Siviter,ssiviter6l@google.com.br,707-639-0356,Zheleznodorozhnyy
Emile,Fenney,efenney6m@abc.net.au,620-416-9077,Shalazhi
Benedetto,Vaughton,bvaughton6n@sbwire.com,697-195-6155,Haolin
Vanna,Buttner,vbuttner6o@vk.com,723-573-9254,Iraquara
Codi,Erington,cerington6p@zimbio.com,670-472-9118,Jiangkou
Florry,DeSousa,fdesousa6q@irs.gov,902-439-2017,Apengjiang
Mitzi,Jaouen,mjaouen6r@theglobeandmail.com,676-708-0141,Sindangsari
Gradeigh,Longdon,glongdon6s@theglobeandmail.com,636-689-7928,Buang
Marlon,Costain,mcostain6t@cnn.com,324-943-5167,Raksajaya
Orrin,Ciardo,ociardo6u@webeden.co.uk,492-391-4370,Bima
Greer,Djekic,gdjekic6v@bravesites.com,409-942-0972,Quanzhou
Anna-maria,Scarborough,ascarborough6w@uiuc.edu,164-631-2767,Bagamoyo
Ilyse,Greet,igreet6x@hp.com,348-908-5706,Sathing Phra
Ringo,Stonall,rstonall6y@soup.io,312-134-2610,Puyehue
Katya,Slee,kslee6z@baidu.com,493-424-7564,Milówka
Sasha,Antal,santal70@hubpages.com,461-420-9574,Filothéi
Sheridan,Iacofo,siacofo71@chronoengine.com,412-625-4585,Tiepu
Toddy,McGaughey,tmcgaughey72@alexa.com,137-972-1770,Buje
Roderich,Calvert,rcalvert73@cnbc.com,531-571-0709,Gunungtua
Jocelyne,Staniland,jstaniland74@opensource.org,640-903-9331,Na Tan
Ahmad,Keeping,akeeping75@stumbleupon.com,413-396-1015,Huaminglou
Merry,Admans,madmans76@spotify.com,198-133-7663,Tân Sơn
Henrik,Lieber,hlieber77@pinterest.com,379-186-8087,Waalwijk
Mabelle,Jeandeau,mjeandeau78@economist.com,870-621-5298,Vlasenica
Judie,Ridley,jridley79@imdb.com,996-394-1270,Chepareria
Harlan,Vanini,hvanini7a@virginia.edu,554-484-3524,Shuixi
Erskine,Attree,eattree7b@histats.com,782-892-2635,Ambarakaraka
Zared,Snelgar,zsnelgar7c@hp.com,878-791-1031,Laranjal Paulista
Claire,McEllen,cmcellen7d@telegraph.co.uk,350-708-4632,Nova Odesa
Xenos,Carle,xcarle7e@mapquest.com,349-230-8489,Xinjiezhen
Giovanna,Amys,gamys7f@bigcartel.com,539-708-6895,Begejci
Edee,Whitcher,ewhitcher7g@nasa.gov,300-548-3434,Weiting
Merv,Joannic,mjoannic7h@disqus.com,998-991-5737,Issad
Rosa,Tullett,rtullett7i@hatena.ne.jp,586-130-4496,Colima
Matty,Sandbach,msandbach7j@t-online.de,878-860-7119,Kolyvan’
Wilhelm,Matiewe,wmatiewe7k@ft.com,575-866-3195,Všemina
Sebastien,Adlington,sadlington7l@ycombinator.com,684-989-8203,Strängnäs
Jordanna,McAlinden,jmcalinden7m@irs.gov,617-546-8383,Estancia
Monti,Ferreli,mferreli7n@about.me,119-247-5770,Phumĭ Véal Srê
Meta,Bratch,mbratch7o@usnews.com,968-554-4378,Zhujiachang
Xerxes,Vine,xvine7p@bloomberg.com,703-779-7974,Changshan
Amby,Jarrad,ajarrad7q@squidoo.com,394-821-3203,Rejoyoso
Isidora,Antonelli,iantonelli7r@reference.com,622-964-5286,Fruitvale
Megen,Formie,mformie7s@wired.com,421-903-7152,Olutanga
Cecelia,Blakeway,cblakeway7t@bing.com,583-741-6831,Bindura
Carmine,Ratt,cratt7u@nsw.gov.au,598-480-6234,Wates
Gardener,Cockerton,gcockerton7v@shutterfly.com,708-571-2399,Bibai
Aldrich,Callington,acallington7w@desdev.cn,758-684-8049,Limbe
Kinnie,Westberg,kwestberg7x@army.mil,512-795-7528,Gostyń
Olva,Heninghem,oheninghem7y@macromedia.com,196-107-9483,Göteborg
Kelsi,Janaway,kjanaway7z@joomla.org,437-189-3340,Gouqi
Aguie,Winder,awinder80@mozilla.org,107-637-8245,Cikondang
Zia,Ellesworthe,zellesworthe81@paginegialle.it,564-184-4924,Głogów Małopolski
Ginger,Spellacey,gspellacey82@loc.gov,368-170-7487,Yanglinshi
Magdalene,Altham,maltham83@lulu.com,126-277-1076,Capioví
Lonni,Marden,lmarden84@archive.org,451-812-4396,Tanumshede
Kath,Foux,kfoux85@walmart.com,173-307-1785,Klina
Jaye,Haversham,jhaversham86@geocities.jp,976-586-2780,Los Pinos
Darlene,Landell,dlandell87@istockphoto.com,255-245-7652,Chřibská
Nanice,McKibbin,nmckibbin88@google.ca,579-690-3246,Guaratinguetá
Gunilla,Hofer,ghofer89@phoca.cz,740-259-2935,Valenciennes
Hetty,Garralts,hgarralts8a@time.com,844-792-6883,Corail
Neal,Brik,nbrik8b@bandcamp.com,310-357-1347,Castelli
Amil,Chipperfield,achipperfield8c@upenn.edu,674-125-0719,Sindangjawa
Moshe,Capper,mcapper8d@go.com,956-809-6117,Daugai
Agustin,Cabel,acabel8e@amazon.co.uk,389-215-3734,Tarakan
Barby,Ivimey,bivimey8f@wired.com,973-422-6565,Sparwood
Angie,Keel,akeel8g@huffingtonpost.com,995-529-6394,Telagasari
Marian,Clay,mclay8h@desdev.cn,546-618-7351,Pitanga
Durant,De Freitas,ddefreitas8i@washington.edu,492-647-5007,Hadano
Salem,Thorius,sthorius8j@cisco.com,665-455-2331,Hajeom
Eadith,Cardus,ecardus8k@about.com,424-427-4718,Pondokwungu
Kenneth,Brotherwood,kbrotherwood8l@newsvine.com,731-636-9752,Ágios Athanásios
Gelya,Hurworth,ghurworth8m@addtoany.com,368-498-5301,Estela
Idalina,Roskrug,iroskrug8n@jimdo.com,468-435-3362,Ad Dann
Pier,De Vere,pdevere8o@miibeian.gov.cn,299-475-0799,Älvsbyn
Eimile,Robecon,erobecon8p@webeden.co.uk,925-798-4121,Thung Song
Juli,Bedford,jbedford8q@businesswire.com,162-305-5966,Corvite
Matilda,McConnell,mmcconnell8r@nytimes.com,545-739-1529,Jaguariaíva
Ottilie,Speller,ospeller8s@wikimedia.org,957-139-0532,Laxey
Dora,Mathewson,dmathewson8t@patch.com,375-920-2977,Baishui
Odelia,Treadgold,otreadgold8u@businessinsider.com,127-120-8333,Sipoholon
Deeanne,Tidswell,dtidswell8v@amazonaws.com,528-485-0123,Lokwabe
Ronnica,MacCartney,rmaccartney8w@disqus.com,759-758-9461,Xinyang
Merci,Major,mmajor8x@soup.io,133-167-1493,Eksjö
Daffi,Folca,dfolca8y@blogs.com,580-297-5088,Mošorin
Alex,Wyldbore,awyldbore8z@wix.com,114-399-2941,Tapakrejo
Gabbey,Sheardown,gsheardown90@arstechnica.com,873-354-2278,Deskle
Cris,McTurk,cmcturk91@live.com,149-613-6424,Taldyqorghan
Katy,Micklewicz,kmicklewicz92@google.it,107-203-4452,Tanxi
Ulberto,Barron,ubarron93@twitter.com,621-536-6894,Pueblo Nuevo
Trudey,Steggles,tsteggles94@ft.com,781-485-1408,Randuboto
Allie,Bains,abains95@berkeley.edu,515-894-0671,Bongued
Wenonah,Dubbin,wdubbin96@hostgator.com,689-549-5332,Abū Zabad
Barry,Ferreras,bferreras97@time.com,975-508-0299,Nakhabino
Mannie,Cunnington,mcunnington98@topsy.com,614-610-9332,Pacar
Ilka,Adolfson,iadolfson99@usda.gov,338-481-8174,Falköping
Aloysius,Fritchley,afritchley9a@wsj.com,425-738-7929,Kuje
Annetta,Ballay,aballay9b@ed.gov,340-210-3127,Concepcion
Frazer,Haucke,fhaucke9c@tripod.com,833-439-5047,Changpu
Itch,Bittany,ibittany9d@europa.eu,772-334-6657,Fort Pierce
Isaac,Hambright,ihambright9e@jalbum.net,562-720-2873,Roza
Teddie,Allington,tallington9f@soup.io,439-981-3906,Novouzensk
Maren,Skerme,mskerme9g@sitemeter.com,714-320-3993,Fullerton
Bo,Ellgood,bellgood9h@home.pl,201-871-6844,Pampanito
Frederic,Crawforth,fcrawforth9i@fotki.com,327-527-9701,Ust’-Omchug
Benjie,Keig,bkeig9j@nba.com,482-934-4517,Wanzhi
Patience,Pfeffle,ppfeffle9k@blogger.com,881-748-5485,Gevgelija
Wini,Leslie,wleslie9l@tamu.edu,339-205-9246,La Virginia
Vincents,Vivian,vvivian9m@umich.edu,203-899-6014,Manyava
Bobina,Boult,bboult9n@phoca.cz,295-268-8419,Tatariv
Blanca,Costain,bcostain9o@bing.com,718-295-6114,Nowy Dwór Mazowiecki
Hymie,MacArd,hmacard9p@google.it,548-292-1488,Uyovu
Benny,Liddel,bliddel9q@nymag.com,767-625-0470,Shangqing
Caresse,Pharro,cpharro9r@senate.gov,846-773-1441,Phu Kradueng
Coletta,MacCrachen,cmaccrachen9s@gnu.org,682-533-4452,Khvastovichi
Goldina,Gowdridge,ggowdridge9t@vkontakte.ru,170-546-6187,Perlez
Giff,Juett,gjuett9u@ehow.com,137-173-5904,Paitan Norte
Chrystel,Doel,cdoel9v@gizmodo.com,863-856-4509,Banayoyo
Phelia,Joiris,pjoiris9w@bandcamp.com,959-709-2847,Taekas
Leola,Laurand,llaurand9x@qq.com,924-693-5810,Maubara
Sheree,Elderton,selderton9y@myspace.com,933-885-5143,Gominhães
Alaric,Van't Hoff,avanthoff9z@sciencedirect.com,193-670-3319,Juxing
Seka,Whardley,swhardleya0@ycombinator.com,765-389-3685,Shuangjie
Janaye,Calkin,jcalkina1@independent.co.uk,945-210-2850,Margahayukencana
Sarine,Bartle,sbartlea2@senate.gov,247-684-0499,Ḩarf al Musaytirah
Sanders,Dedon,sdedona3@skype.com,289-999-0136,Salaverry
Stuart,Stannas,sstannasa4@google.com,456-143-1821,Nugas
Lennard,Jeremiah,ljeremiaha5@usgs.gov,370-945-5133,Combapata
Elton,Donavan,edonavana6@biglobe.ne.jp,475-783-6994,Tal’ne
Kiele,Schollick,kschollicka7@china.com.cn,104-605-8758,Arrën
Carlyn,Doughartie,cdoughartiea8@sourceforge.net,820-663-7748,Bagani
Joseph,O'Kieran,jokierana9@sciencedirect.com,236-360-0163,Khantaghy
Dolph,Moult,dmoultaa@squarespace.com,693-886-5684,Smålandsstenar
Rutledge,Klain,rklainab@fc2.com,379-153-9102,David
Loren,Medford,lmedfordac@craigslist.org,383-838-7328,Ciparasi
Anneliese,Immings,aimmingsad@admin.ch,126-786-4373,Bailiang
My,Sorbie,msorbieae@google.fr,193-684-1569,Lipu
Zonda,Beadnell,zbeadnellaf@wsj.com,260-739-9732,Thị Trấn Na Hang
Rivkah,Rawne,rrawneag@ning.com,524-532-0130,Shuibatang
Jodie,Shorbrook,jshorbrookah@lulu.com,934-226-8564,Tanjungluar
Ignaz,Perrinchief,iperrinchiefai@umn.edu,604-329-2342,Perugia
Alon,Lars,alarsaj@usa.gov,921-926-7368,Šavnik
Schuyler,Schurcke,sschurckeak@ehow.com,660-251-5731,Tambac
Doll,Usborn,dusbornal@va.gov,261-788-6107,Igarapé Açu
Dosi,Mougenel,dmougenelam@twitpic.com,458-221-0038,Warungawi
Pete,Gosney,pgosneyan@cyberchimps.com,312-200-7337,Chicago
Feodor,Van der Veldt,fvanderveldtao@mayoclinic.com,380-586-4443,Faraulep
Kirstyn,Bennetto,kbennettoap@cbsnews.com,537-620-9822,Ḩammām Wāşil
Ramonda,Bartlomiejczyk,rbartlomiejczykaq@washingtonpost.com,602-210-9269,Rio Pardo
Rici,Ivanchov,rivanchovar@google.co.uk,992-957-7897,Komyshnya
Magnum,Allchorne,mallchorneas@nps.gov,271-242-7554,Useldange
Bobbe,Waylen,bwaylenat@forbes.com,575-974-5841,Khon Kaen
Dino,Frift,dfriftau@dmoz.org,689-326-8778,Albi
Costa,Lawtie,clawtieav@whitehouse.gov,894-586-3164,Lívingston
Kristy,Paulillo,kpaulilloaw@europa.eu,128-678-7072,Sanlicheng
Nevil,Silmon,nsilmonax@who.int,490-965-0529,Yasynuvata
Michele,Bruna,mbrunaay@senate.gov,801-628-9547,Beixiang
Wain,Croydon,wcroydonaz@patch.com,997-527-9575,Thị Trấn Nho Quan
Etty,Giacopello,egiacopellob0@whitehouse.gov,177-961-1117,Domašinec
Jabez,Bottleson,jbottlesonb1@arizona.edu,222-339-6674,København
Daisy,Tune,dtuneb2@icq.com,877-541-0386,Gzy
Ashla,Benazet,abenazetb3@51.la,373-925-9032,Tireman Timur
Claudelle,Paulich,cpaulichb4@jugem.jp,103-895-2248,Ad Dasmah
Gwen,Gozard,ggozardb5@disqus.com,956-292-9549,Krasnokamsk
Natalina,Crossan,ncrossanb6@eventbrite.com,853-976-0843,Şafāshahr
Valina,Pollastrone,vpollastroneb7@goodreads.com,887-465-2887,Romans-sur-Isère
Veronica,Barfield,vbarfieldb8@prweb.com,283-481-8554,Hrušica
Bradford,Harrington,bharringtonb9@umich.edu,595-637-2404,Zhangjiagang
Ashlan,Brickham,abrickhamba@elpais.com,351-130-5587,Cermee
Emma,Fairbank,efairbankbb@yellowpages.com,225-654-4437,Shangkuli
Lou,Trehearn,ltrehearnbc@umich.edu,230-579-1169,Petrovskoye
Rockie,Dory,rdorybd@auda.org.au,782-295-3800,Toulouse
Ogdan,Keitley,okeitleybe@soup.io,221-691-6856,Russkiy
Cos,Gutch,cgutchbf@webeden.co.uk,123-293-2698,Goyang-si
Winslow,Saville,wsavillebg@hhs.gov,824-845-3918,Al Jarādīyah
Jarret,Catteroll,jcatterollbh@oakley.com,883-207-2979,Daliang
Aurora,Dumphry,adumphrybi@cnn.com,973-308-8315,Nedakonice
Lucie,Yuryshev,lyuryshevbj@soup.io,280-832-8909,Minuwangoda
Kikelia,Sainsberry,ksainsberrybk@nationalgeographic.com,218-577-1376,Kalinovskaya
Vick,Higgonet,vhiggonetbl@sitemeter.com,122-232-9772,‘Afula ‘Illit
Tabbie,Regardsoe,tregardsoebm@amazon.co.jp,625-143-5120,Czernice Borowe
Sheba,De Roeck,sderoeckbn@linkedin.com,267-184-0905,Sandy Bay
Aviva,Allsopp,aallsoppbo@yelp.com,431-163-0300,Öjebyn
Tommie,Sandry,tsandrybp@reverbnation.com,219-563-9190,Shilipu
Inigo,Steven,istevenbq@twitpic.com,783-508-7949,Mekarjaya Satu
Jerome,Marien,jmarienbr@bluehost.com,405-351-9420,Oklahoma City
Fifi,Georgievski,fgeorgievskibs@irs.gov,354-415-6709,Yaurisque
Horten,Hairs,hhairsbt@patch.com,500-148-4070,Leijiadian
Torrey,Abbie,tabbiebu@jigsy.com,765-177-2188,Hastings
Warden,Sher,wsherbv@independent.co.uk,882-912-8106,Kuala Bintang
Jeffry,Nerheny,jnerhenybw@flavors.me,549-278-1746,Hamilton
Edyth,Maffy,emaffybx@gov.uk,522-689-3728,Amiens
Meggie,Seares,msearesby@naver.com,908-130-9700,Rudnogorsk
Zebulen,Heinish,zheinishbz@unesco.org,689-242-1043,São Luiz Gonzaga
Hewet,Tinkham,htinkhamc0@squarespace.com,819-364-6722,Karangmulyo
Grissel,McGreil,gmcgreilc1@imgur.com,939-560-6476,Neẖalim
Durante,Swainsbury,dswainsburyc2@storify.com,257-326-8954,Zhongshan
Jules,Charlewood,jcharlewoodc3@webmd.com,540-857-3871,Roanoke
Odetta,Kittle,okittlec4@netscape.com,940-823-1755,Nuštar
Dehlia,Krzysztofiak,dkrzysztofiakc5@reuters.com,371-819-4698,Dongxin
Jereme,Rozanski,jrozanskic6@oracle.com,291-523-7651,Trafaria
Tallulah,Dyter,tdyterc7@google.pl,324-310-7797,Phitsanulok
Daniella,Fealty,dfealtyc8@hubpages.com,579-736-4888,Poyang
Dorie,Clayal,dclayalc9@princeton.edu,168-750-3141,Évora
Stevena,Phippen,sphippenca@scientificamerican.com,678-117-3907,Leran Kulon
Domenic,Dollard,ddollardcb@webmd.com,282-745-0037,Severoural’sk
Gilemette,Filasov,gfilasovcc@multiply.com,784-299-8134,Týnec
Whit,Poser,wposercd@adobe.com,502-515-8247,Atyrá
Mathias,Brisland,mbrislandce@sphinn.com,963-140-9833,Tizgane
Jillayne,Devon,jdevoncf@ifeng.com,288-875-9033,Mników
Rickie,Kofax,rkofaxcg@earthlink.net,390-970-8568,Wuquan
Brunhilda,Leethem,bleethemch@com.com,992-414-8152,Cisitu
Haskel,Hugett,hhugettci@tinypic.com,467-113-7172,Dunlewy
Dixie,Dorrity,ddorritycj@utexas.edu,916-955-4898,Shatki
Quincy,Soames,qsoamesck@squarespace.com,960-518-7828,Wiślica
Vasily,Baptist,vbaptistcl@ft.com,735-896-8466,Saltsjöbaden
Therese,Furman,tfurmancm@eepurl.com,465-380-6223,Balai
Dorothy,Kollaschek,dkollaschekcn@icio.us,332-914-1603,Batulawang
Mannie,Firpi,mfirpico@simplemachines.org,443-876-0789,Oekuu
Ailee,Rowlin,arowlincp@amazon.com,522-281-1448,Dingtao
Darnall,Gabbetis,dgabbetiscq@discovery.com,112-405-0395,Sanchahe
Zak,Britland,zbritlandcr@webmd.com,199-328-8164,Huangyan
Orelle,Gehricke,ogehrickecs@independent.co.uk,407-534-4901,Bang Lamung
Carol-jean,Scherer,cschererct@purevolume.com,808-112-7912,Songhe
Collette,Blose,cblosecu@elegantthemes.com,912-936-6769,Bayḩān
Maude,Cota,mcotacv@1688.com,161-201-9092,Vårgårda
Torey,Keizman,tkeizmancw@csmonitor.com,207-445-0311,Basak
Essy,Abbet,eabbetcx@seesaa.net,747-791-2133,Panawuan
Mahmud,Shepherd,mshepherdcy@seattletimes.com,903-543-8430,Kilkenny
Ralina,Solomonides,rsolomonidescz@tuttocitta.it,370-638-1265,La Cruz
Koren,Ambrosoni,kambrosonid0@apple.com,802-189-3120,Sergach
Cletus,Peinke,cpeinked1@dedecms.com,847-171-3319,Myrnyy
Estrellita,Dyerson,edyersond2@smugmug.com,846-238-6277,Notsé
Tawsha,Castilla,tcastillad3@shutterfly.com,250-304-5018,Lenger
Mercedes,Crottagh,mcrottaghd4@blogtalkradio.com,566-753-3113,Banān
Dukey,Stuck,dstuckd5@japanpost.jp,147-999-4758,Zhelin
Coreen,Filippyev,cfilippyevd6@washingtonpost.com,345-566-3163,Ocongate
Kellyann,Jovis,kjovisd7@google.it,295-850-8118,Luksuhin
Irvin,Impy,iimpyd8@ucsd.edu,687-409-7252,Šentilj v Slov. Goricah
Elonore,Mattiessen,emattiessend9@mayoclinic.com,102-414-1008,Konso
Haleigh,Jump,hjumpda@earthlink.net,390-709-6245,Gaspra
Karon,Darwent,kdarwentdb@goo.gl,360-431-0558,Carnaxide
Krysta,Ellsworthe,kellsworthedc@furl.net,518-960-8055,Bagorejo
Nathanial,Sheehan,nsheehandd@buzzfeed.com,144-233-7485,Stockholm
Pietrek,D'Alessandro,pdalessandrode@narod.ru,530-133-1066,Burgersfort
Roslyn,Suttling,rsuttlingdf@phpbb.com,512-897-0011,Phú Vang
Aldus,Levane,alevanedg@cisco.com,179-615-3409,Mangdang
Hildagarde,Urwin,hurwindh@yandex.ru,451-275-7484,Pepayan
Koral,Lathwood,klathwooddi@jimdo.com,450-830-8958,Quinta do Anjo
Aveline,Barehead,abareheaddj@addthis.com,597-736-8556,Monkey Hill
Christean,Plaschke,cplaschkedk@gmpg.org,348-769-4433,Batad
Judon,Lensch,jlenschdl@google.pl,745-248-3939,Guangping
Niles,Bootherstone,nbootherstonedm@independent.co.uk,189-880-6087,Huertas
Jamie,Wooff,jwooffdn@1688.com,305-798-2430,Pilcuyo
Gilbertine,Bradbury,gbradburydo@blogger.com,362-431-0576,Akita
Wolfie,Wem,wwemdp@nhs.uk,326-756-6668,Thanatpin
Louis,Le-Good,llegooddq@e-recht24.de,625-172-6423,Binalonan
Corrie,Scantleberry,cscantleberrydr@hibu.com,931-113-2140,Mount Frere
Denney,Pym,dpymds@google.it,180-130-7602,Laventure
Berton,Jalland,bjallanddt@live.com,993-869-3104,Al Fuwayliq
Anabelle,Emson,aemsondu@digg.com,632-658-4223,Mojogajeh
Had,de Aguirre,hdeaguirredv@businessweek.com,256-779-2334,Iwanai
Wilbur,Hamp,whampdw@shutterfly.com,564-405-5008,Uptar
Staci,Syrie,ssyriedx@posterous.com,638-216-5386,Cabo de Vila
Alyss,Botterman,abottermandy@npr.org,922-209-6832,Krrabë
Ashien,Yarmouth,ayarmouthdz@ask.com,995-315-0413,Fuyu
Mill,Izatson,mizatsone0@ft.com,325-242-3832,San Alberto
Tabb,Butte,tbuttee1@yahoo.co.jp,620-667-5945,Kasserine
Boris,Mallebone,bmallebonee2@cnet.com,556-682-8205,Ishurdi
Grant,De Mitris,gdemitrise3@infoseek.co.jp,404-210-0801,Shun’ga
Dalston,Normansell,dnormanselle4@over-blog.com,526-642-9602,Markaz-e Woluswalī-ye Āchīn
Caty,Fones,cfonese5@cdbaby.com,583-657-2792,Shenzhengqiao
Rozella,Lettley,rlettleye6@fda.gov,903-775-8292,København
Mal,Bachman,mbachmane7@wikispaces.com,775-851-2727,Carson City
Linet,Pikhno,lpikhnoe8@over-blog.com,440-350-4050,Farriar
Shell,Branni,sbrannie9@netlog.com,276-443-6515,Pinglumiao
Darell,Blanshard,dblanshardea@histats.com,293-956-2784,Ozëry
Rochell,Goldring,rgoldringeb@fc2.com,721-200-9677,Bajera
Kevina,Bristowe,kbristoweec@icq.com,918-438-7126,Krajan
Cristionna,Llorente,cllorenteed@fda.gov,722-448-5194,Songjiang
Michail,Gaspero,mgasperoee@dion.ne.jp,531-983-3596,Nevel’
Zola,Harrigan,zharriganef@wp.com,888-381-9015,Eldama Ravine
Ekaterina,Roxbrough,eroxbrougheg@google.com.au,787-986-6115,Maizuru
Hilda,Greasty,hgreastyeh@usatoday.com,731-562-9033,La Huerta
Sherye,Gann,sgannei@marketwatch.com,449-463-8437,Chinchiná
Gerick,Mulleary,gmullearyej@washingtonpost.com,542-305-2340,Nelidovo
Hugo,Wethey,hwetheyek@w3.org,726-629-7527,Xi’an
Teodoor,Theodoris,ttheodorisel@google.cn,142-804-8898,Jatisari
Delainey,Seiter,dseiterem@wisc.edu,936-339-0299,Dongkengkou
Torry,Castana,tcastanaen@boston.com,726-885-5716,Nýdek
Franciskus,Wythe,fwytheeo@barnesandnoble.com,110-557-2858,Tianxin
Vonni,McGinny,vmcginnyep@dailymotion.com,203-218-0190,Stamford
Gianina,Malcolm,gmalcolmeq@domainmarket.com,202-392-4936,Washington
Emmie,Riley,erileyer@smh.com.au,235-360-7333,Chechen-Aul
Kevan,Snowden,ksnowdenes@goo.gl,410-597-4686,Baltimore
Bill,Bampkin,bbampkinet@salon.com,290-792-8543,Arles
Sophie,August,saugusteu@yale.edu,671-976-7019,Montelíbano
Gearalt,Lofthouse,glofthouseev@etsy.com,666-344-2271,Hejiang
Gian,Berk,gberkew@cisco.com,890-329-7959,Weepangali
Chalmers,Jiroudek,cjiroudekex@usatoday.com,539-658-5020,Apeldoorn
Kandace,Rennels,krennelsey@wix.com,903-162-9300,Kashihara-shi
Florence,Povlsen,fpovlsenez@disqus.com,695-406-8191,Épinal
Heindrick,Bedder,hbedderf0@oaic.gov.au,554-143-5303,Gadingrejo
Consolata,Brende,cbrendef1@trellian.com,352-253-8157,Mayenne
Ofilia,Beaman,obeamanf2@skyrock.com,604-691-2051,Shizunai-furukawachō
Wanids,Winskill,wwinskillf3@huffingtonpost.com,276-329-2321,Zhangxi
Marijo,Hasted,mhastedf4@deliciousdays.com,928-425-0470,Qinshan
Ansel,Grunwald,agrunwaldf5@businesswire.com,215-605-0115,Suleja
Xenos,Ardron,xardronf6@ocn.ne.jp,431-898-3916,Zhongshan
Aundrea,Galpin,agalpinf7@marriott.com,400-492-1200,Tabasalu
Matias,Taw,mtawf8@shinystat.com,691-165-1469,Shangma
Mattie,Drance,mdrancef9@booking.com,169-341-8729,Krrabë
Remington,Stening,rsteningfa@printfriendly.com,586-952-7798,Boudinar
Kare,Truckett,ktruckettfb@nydailynews.com,154-521-4123,Belén
Brittne,Worg,bworgfc@opera.com,539-962-4344,Bárrio
Cassy,Inmett,cinmettfd@google.cn,527-462-9301,Xibali
Farrand,Frediani,ffredianife@imgur.com,268-966-0970,Grybów
Amory,Nockles,anocklesff@webmd.com,417-852-0228,Springfield
Donovan,Bonde,dbondefg@sun.com,718-959-7915,Loukísia
Christye,Novakovic,cnovakovicfh@theglobeandmail.com,218-224-4598,Předklášteří
Huntington,Baccas,hbaccasfi@nature.com,146-148-9216,Pawłosiów
Matty,Hurdidge,mhurdidgefj@homestead.com,245-221-5431,Puerto Cumarebo
Laureen,Westby,lwestbyfk@npr.org,734-369-2355,Maebaru
Blaire,Dobkin,bdobkinfl@sina.com.cn,775-576-9867,Bankeryd
Ramsay,Gerault,rgeraultfm@auda.org.au,260-905-3886,Évreux
Braden,Ickov,bickovfn@patch.com,891-832-5943,Potchefstroom
Pauly,Chadwin,pchadwinfo@cpanel.net,426-841-4930,Konstantinovsk
Amelie,Tarr,atarrfp@cbslocal.com,329-815-7948,Petit Valley
Granthem,Errichiello,gerrichiellofq@google.it,456-638-1376,Xihe
Shelton,Wilcocke,swilcockefr@blogspot.com,963-925-7839,Myaydo
Leonora,Cortnay,lcortnayfs@unicef.org,166-207-1198,Vólos
Corbett,Grzelak,cgrzelakft@1und1.de,304-602-3657,Qusar
Betsey,Olliar,bolliarfu@hp.com,236-728-3818,Naranjo
Serene,Hayley,shayleyfv@samsung.com,406-103-9578,Sungai Raya
Clemmie,Elphinstone,celphinstonefw@wp.com,140-506-8206,Göteborg
Cherise,Hubach,chubachfx@imdb.com,979-249-2961,Longshi
Betta,Marking,bmarkingfy@cam.ac.uk,731-756-9032,Rönninge
Rosabella,Pittwood,rpittwoodfz@bloglovin.com,640-211-0327,Kladruby
Shirlee,Hawkswell,shawkswellg0@nydailynews.com,342-900-6267,Río Blanco
Sisely,Haggath,shaggathg1@foxnews.com,759-613-0635,Kitimat
Cecelia,Dansey,cdanseyg2@360.cn,243-814-3024,Geoktschai
Raf,MacGlory,rmacgloryg3@cisco.com,295-764-0693,Alue Glumpang
Drake,Ivanovic,divanovicg4@parallels.com,673-375-9482,Daqiao
Hillel,Sewley,hsewleyg5@github.io,610-814-3185,Philadelphia
Gregoire,Shaefer,gshaeferg6@youtube.com,628-227-5371,Suwałki
Ricoriki,Goble,rgobleg7@eventbrite.com,694-312-2162,Anyuan
Alanna,Simenon,asimenong8@godaddy.com,202-630-1832,Washington
Kristin,Morrel,kmorrelg9@dedecms.com,946-463-1301,Mellieħa
Ram,Baskerfield,rbaskerfieldga@examiner.com,723-837-1929,Tigaherang
Alejandra,Digman,adigmangb@gizmodo.com,718-901-5865,Caieiras
Enriqueta,Bail,ebailgc@umn.edu,485-731-9282,Prestea
Bernie,Caley,bcaleygd@wsj.com,218-218-2919,Santa Barbara
Julian,Woolen,jwoolenge@nhs.uk,573-500-0201,La Reforma
Dinnie,Kalinowsky,dkalinowskygf@ed.gov,730-950-3154,Shimodate
Amandi,Attridge,aattridgegg@vinaora.com,489-492-0216,Jiulong
Goddard,Wrigley,gwrigleygh@discuz.net,933-105-2270,Đắk Hà
Brynna,Ogilby,bogilbygi@disqus.com,285-139-6642,Ocongate
Alf,Papa,apapagj@msn.com,780-946-4203,Sanyang
Del,Oki,dokigk@wikia.com,512-847-2354,Orlovskiy
Freddie,Maynell,fmaynellgl@indiatimes.com,288-726-9721,Komorniki
Blayne,Javes,bjavesgm@moonfruit.com,830-347-9087,Datian
Aridatha,Libri,alibrign@vimeo.com,191-106-6369,Puger
Kerrie,McMillan,kmcmillango@redcross.org,602-767-5067,Dřiteň
Jacinda,Lindenman,jlindenmangp@acquirethisname.com,974-385-8212,Ruma
Davis,Mourbey,dmourbeygq@narod.ru,941-497-7608,Lieksa
Inigo,Nichol,inicholgr@bandcamp.com,677-152-4916,San Francisco
Berkley,Galgey,bgalgeygs@hibu.com,893-384-5520,Tillabéri
Stefa,Geaney,sgeaneygt@bravesites.com,693-373-2582,Lumbangan
Durand,Culp,dculpgu@trellian.com,603-843-8719,Boé
Monty,Jenoure,mjenouregv@ed.gov,385-211-6675,Cicurug
Tandi,Sandison,tsandisongw@amazon.de,783-119-8744,Maroúsi
Nicolas,Martina,nmartinagx@themeforest.net,625-168-1992,Tanahedang
Jenica,Horlick,jhorlickgy@dailymotion.com,411-796-6055,Sioah
Friederike,Vogeler,fvogelergz@drupal.org,501-936-4673,Palue
Michel,Ivasyushkin,mivasyushkinh0@oakley.com,716-570-7615,Cinyawar
Jannelle,Medcalfe,jmedcalfeh1@fastcompany.com,976-644-6623,Boavista
Daveen,Kelcey,dkelceyh2@youku.com,827-438-1366,Romba
Teador,Shovelbottom,tshovelbottomh3@oaic.gov.au,284-159-8573,Damiao
Rodrique,McKiernan,rmckiernanh4@aol.com,501-277-5664,Solsona
Bronson,Extall,bextallh5@hhs.gov,447-272-9596,Shumikha
Feodor,Gobel,fgobelh6@mit.edu,386-968-0837,Moulay Bouchta
Emera,Poinsett,epoinsetth7@answers.com,499-662-0979,Erdenet
Micky,Kiddie,mkiddieh8@theguardian.com,662-798-5506,Paris 20
Koo,Prettjohn,kprettjohnh9@sogou.com,415-529-8817,San Francisco
Elyn,Mouton,emoutonha@bloglines.com,414-430-0891,Inari
Binny,Pendall,bpendallhb@a8.net,129-555-9212,København
Rachelle,Minifie,rminifiehc@cbslocal.com,309-951-4909,Bayanan
Moira,Thynn,mthynnhd@nps.gov,481-237-9180,Nybro
Muire,Brecher,mbrecherhe@friendfeed.com,135-417-7765,Colcabamba
Hilary,Moynham,hmoynhamhf@pcworld.com,206-215-9803,Sarband
Sharyl,Parell,sparellhg@w3.org,967-767-7482,Oujda
Adolphe,Huster,ahusterhh@stanford.edu,586-798-3183,Domanín
Karil,Cornhill,kcornhillhi@soup.io,538-688-0864,Doroslovo
Ansell,Linebarger,alinebargerhj@altervista.org,527-629-2612,Komyshuvakha
Edd,Trodden,etroddenhk@foxnews.com,768-370-9658,Longxian Chengguanzhen
Aksel,Pacey,apaceyhl@dropbox.com,178-866-2084,Xitieshan
Gusella,Bennell,gbennellhm@cpanel.net,581-626-4059,Tegalgede
Emelita,Guilloud,eguilloudhn@washingtonpost.com,856-743-5105,Cruz Alta
Godart,O'Hanlon,gohanlonho@nasa.gov,263-975-4361,Ribeira
Gwenni,Fontaine,gfontainehp@biglobe.ne.jp,182-876-1024,La Estrella
Rina,Stormouth,rstormouthhq@prnewswire.com,344-997-8730,Tukan
Hayes,Hocking,hhockinghr@rambler.ru,753-238-2947,Dalmacio Vélez Sársfield
Alene,Trevear,atrevearhs@ucoz.ru,766-216-3268,Amalfi
Dynah,Khoter,dkhoterht@exblog.jp,815-458-2279,Nūr
Gaye,Selbach,gselbachhu@issuu.com,395-299-5398,Lucapa
Marion,Reeken,mreekenhv@marriott.com,624-545-3612,Lisakovsk
Jacquenetta,Pane,jpanehw@people.com.cn,299-115-3209,Abakaliki
Clark,Kunzel,ckunzelhx@trellian.com,558-986-5644,Kamionka
Gerta,Isselee,gisseleehy@quantcast.com,454-295-8135,Bilo
Hartwell,Oakton,hoaktonhz@cbc.ca,176-589-7230,Pinsk
Fielding,Streader,fstreaderi0@umich.edu,670-460-5364,Estrada
Roze,Woolpert,rwoolperti1@zdnet.com,112-216-4287,Semeljci
Vivian,Loughton,vloughtoni2@privacy.gov.au,797-998-4988,Santo Niño
Clarance,Dilland,cdillandi3@sohu.com,114-122-5659,Los Palacios
Tally,Nichol,tnicholi4@sun.com,822-389-3686,Borgarnes
Celinda,Carlet,ccarleti5@tmall.com,253-649-1128,Faqīrwāli
Selestina,GiacobbiniJacob,sgiacobbinijacobi6@sourceforge.net,153-906-0308,Nāgarpur
Penny,Bauckham,pbauckhami7@sciencedaily.com,316-333-2861,Tianfen
Jilli,Voice,jvoicei8@amazon.de,139-939-2809,Santa Cruz del Sur
Saunder,Bartoletti,sbartolettii9@privacy.gov.au,247-577-4478,Mangochi
Shantee,Bilsland,sbilslandia@privacy.gov.au,765-150-3665,Almaguer
Damita,D'Ruel,ddruelib@columbia.edu,663-394-3139,Charlotte Amalie
Gerhard,Aslam,gaslamic@yelp.com,263-612-9983,Xiaruyue
Fonsie,Sinton,fsintonid@is.gd,222-954-3091,Dangshun
Tedd,Haws,thawsie@oaic.gov.au,553-557-3844,Bourges
Meaghan,Carolan,mcarolanif@wufoo.com,271-300-0491,Banyue
Bidget,Tethcote,btethcoteig@vk.com,901-711-1006,Vedène
Fonzie,Dwane,fdwaneih@zimbio.com,630-801-4392,Otukpa
Eugen,Acome,eacomeii@nps.gov,665-642-0847,Hushan
Cahra,Zecchii,czecchiiij@shop-pro.jp,365-924-2325,Bajina Bašta
Paige,Poutress,ppoutressik@domainmarket.com,352-939-1644,Ra-ngae
Sumner,Quye,squyeil@tinyurl.com,210-383-6084,Hede
Mead,Massie,mmassieim@odnoklassniki.ru,247-222-1085,Morales
Eduard,Urlin,eurlinin@howstuffworks.com,147-299-1997,Fabianki
Kevan,Emmerson,kemmersonio@sitemeter.com,682-846-4622,Kopral
Gal,Brockley,gbrockleyip@jalbum.net,857-287-0176,Cô Tô
Kendal,Coners,kconersiq@google.co.jp,911-411-9869,Pyatnitskoye
Claudetta,Attenborrow,cattenborrowir@phpbb.com,177-835-1633,Zhushan
Wilbert,Orsay,worsayis@blogspot.com,199-991-1543,Železná Ruda
Antonella,Jane,ajaneit@51.la,663-144-2170,Cholet
Trudi,Brady,tbradyiu@google.cn,474-683-3174,Kachug
Samson,Boarder,sboarderiv@reuters.com,890-780-3349,P’yŏngsŏng
Ker,Stears,kstearsiw@diigo.com,841-276-9564,Rasony
Joelly,Gooda,jgoodaix@prnewswire.com,947-852-8303,Nanhe
Abdel,Buston,abustoniy@lycos.com,392-166-3483,Dembeni
Jecho,Dearan,jdearaniz@acquirethisname.com,265-992-5942,Baokou
Nellie,Boggas,nboggasj0@prweb.com,799-150-6243,Trondheim
Roanne,Pladen,rpladenj1@constantcontact.com,122-407-9728,Cuihuangkou
Geraldine,Bothram,gbothramj2@smugmug.com,784-309-6314,Dualing
Pooh,Cusworth,pcusworthj3@businessweek.com,234-407-3770,Koynare
Bax,Jamme,bjammej4@businessinsider.com,204-123-9403,Yuanzhou
Spencer,Glaserman,sglasermanj5@google.com.br,537-924-4155,København
Luise,Harbard,lharbardj6@state.tx.us,804-563-4719,Dulag
Yves,Bayldon,ybayldonj7@cnbc.com,169-873-7072,Uniejów
Nancey,Doale,ndoalej8@patch.com,980-389-4229,Gharyan
Maura,Tolossi,mtolossij9@blinklist.com,459-245-1755,Nankou
Jobyna,Calverd,jcalverdja@omniture.com,318-154-1376,Lianhua
Elaina,Brason,ebrasonjb@ustream.tv,884-766-5384,Mauloo
Gerianne,Pennycock,gpennycockjc@miitbeian.gov.cn,923-299-6060,Chợ Lầu
Meggy,Speere,mspeerejd@wikipedia.org,683-848-0444,Plavy
Janeta,Hasluck,jhasluckje@cyberchimps.com,120-712-9093,Wattala
Sergei,Matterdace,smatterdacejf@dailymail.co.uk,829-354-6980,Kiikala
Karilynn,Beglin,kbeglinjg@etsy.com,637-881-5182,Lordelo
Marsha,Nock,mnockjh@plala.or.jp,304-821-9648,Dukuhturi
Gaynor,Noell,gnoellji@seesaa.net,454-371-2617,Paombong
Kayne,Grainge,kgraingejj@networksolutions.com,691-821-9614,Yacheng
Dusty,Bagwell,dbagwelljk@twitpic.com,805-969-4741,Preston
Moria,Fowgies,mfowgiesjl@dmoz.org,522-336-0719,Pinglumiao
Sally,Donisi,sdonisijm@exblog.jp,108-350-4222,Santa Cristina Couto
Kiah,Hort,khortjn@desdev.cn,582-102-3514,Majalengka
Eddy,Eberst,eeberstjo@a8.net,778-528-7671,Rāvar
Marilin,Huban,mhubanjp@bloglovin.com,996-934-3028,Vyerkhnyadzvinsk
Les,Weyland,lweylandjq@ovh.net,726-548-4653,Kota Kinabalu
Margette,Tompkiss,mtompkissjr@guardian.co.uk,468-209-2548,Kurchaloy
Joline,Petrovykh,jpetrovykhjs@psu.edu,928-457-0748,Pasembon
Amabel,Skayman,askaymanjt@jugem.jp,776-421-8073,Toki
Merralee,Lowndesbrough,mlowndesbroughju@soup.io,400-181-2553,Pengdian
Maddy,Gooderridge,mgooderridgejv@macromedia.com,463-112-4732,Pointe-à-Pitre
Jobi,Cleere,jcleerejw@mapy.cz,922-255-7590,Voloshka
Johna,Brobyn,jbrobynjx@wiley.com,107-595-4062,Iiyama
Archibald,Gretton,agrettonjy@theguardian.com,388-210-9876,Yonglong
Herrick,Chipman,hchipmanjz@businessinsider.com,496-836-3134,Muting
Joelie,Fusedale,jfusedalek0@shutterfly.com,171-894-9754,Markowa
Niles,Ducastel,nducastelk1@paginegialle.it,370-391-2056,Hankasalmi
Blakeley,Ruvel,bruvelk2@npr.org,861-880-1444,Les Cèdres
Marylou,Balassi,mbalassik3@miibeian.gov.cn,153-841-8565,Tongyangdao
Hana,O' Donohue,hodonohuek4@prnewswire.com,803-883-3992,Zagnitkiv
Taddeusz,McKintosh,tmckintoshk5@hexun.com,973-374-4266,Domaradz
Shirl,MacCathay,smaccathayk6@nationalgeographic.com,257-700-6424,Chikeng
Malia,Staunton,mstauntonk7@angelfire.com,487-985-6499,Golovchino
Martelle,Cater,mcaterk8@wp.com,567-619-8943,Zibreira
Cordy,Doige,cdoigek9@indiegogo.com,246-326-8405,Sa Pá
Monte,Geraldez,mgeraldezka@artisteer.com,799-142-4690,Kowo
Andee,Snaden,asnadenkb@geocities.com,542-737-6774,Daulatpur
Barbie,Manssuer,bmanssuerkc@webnode.com,385-763-6845,Gryaznovskoye
Ailbert,Batthew,abatthewkd@elegantthemes.com,901-532-3907,Memphis
Deni,McCafferty,dmccaffertyke@ask.com,314-205-2283,Torslanda
Georgie,Byford,gbyfordkf@imdb.com,136-326-0852,Providencia
Lilyan,Cleever,lcleeverkg@addtoany.com,959-552-3400,Bokkos
Merissa,Showte,mshowtekh@yahoo.com,503-920-3556,Yangping
Arnaldo,Kyttor,akyttorki@tumblr.com,782-232-9216,Lalībela
Tracey,Gauler,tgaulerkj@devhub.com,486-123-1005,Castelo
Sher,Perone,speronekk@google.it,966-688-0975,Plandi
Olivier,Batter,obatterkl@intel.com,260-445-8562,Bocos
Conrad,Raith,craithkm@jimdo.com,631-133-2253,Bagdadi
Cletus,Weth,cwethkn@vimeo.com,448-990-1569,Stalowa Wola
Teriann,Dewbury,tdewburyko@edublogs.org,176-914-9160,Yunguyo
Larine,Rosenkrantz,lrosenkrantzkp@abc.net.au,790-340-0275,Bogi
Tiffy,Zamorano,tzamoranokq@state.tx.us,273-501-9364,Shchelkovo
Tamara,Judron,tjudronkr@instagram.com,462-486-1101,Qingzhou
Bertha,Panner,bpannerks@wufoo.com,918-825-8658,Neya
Rolfe,Glazzard,rglazzardkt@ameblo.jp,446-793-3791,Piaocao
Merralee,Effaunt,meffauntku@goo.ne.jp,503-685-4926,Aroroy
Ebenezer,Tiebe,etiebekv@constantcontact.com,974-997-8504,Duraznopampa
Bertie,Arnson,barnsonkw@rambler.ru,438-577-4145,Leones
Wye,Petchey,wpetcheykx@bloglines.com,180-290-8419,Pateros
Sarena,Jertz,sjertzky@washingtonpost.com,641-420-4532,Ordynskoye
Dasie,Cooley,dcooleykz@quantcast.com,136-413-3773,Bogovarovo
Devlen,Jentgens,djentgensl0@wunderground.com,924-883-0814,Baranti
Bevon,Vivash,bvivashl1@networkadvertising.org,892-898-8207,Lazarevskoye
Merv,Conkay,mconkayl2@e-recht24.de,679-563-7339,Bangus Kulon
Marline,Quixley,mquixleyl3@miitbeian.gov.cn,350-647-0443,Nancheng
Feliza,Pagel,fpagell4@twitpic.com,582-442-0580,Chaihe
Moyna,Luesley,mluesleyl5@seattletimes.com,215-383-6530,Philadelphia
Mannie,Grewer,mgrewerl6@bigcartel.com,215-395-6853,Wasilków
Muriel,Durdy,mdurdyl7@google.fr,575-355-8646,Santo Niño
Deina,Seward,dsewardl8@cisco.com,217-445-5090,Thessaloníki
Honoria,Widdocks,hwiddocksl9@soundcloud.com,163-595-7792,Longlisuo
Norrie,Towndrow,ntowndrowla@ted.com,588-965-3529,Trongsa
Duffie,Grinyakin,dgrinyakinlb@nyu.edu,417-614-9213,Gogosuket
Rubia,Gillmor,rgillmorlc@smh.com.au,809-241-4443,Qiryat Yam
Gale,Heister,gheisterld@yellowpages.com,973-391-0318,Karang
Francine,Avann,favannle@pinterest.com,423-203-4203,Sarangmeduro
Heath,Gilligan,hgilliganlf@indiatimes.com,105-964-6098,Granada
Brunhilde,Arthan,barthanlg@loc.gov,269-396-5459,Maoming
Rickey,Quarrie,rquarrielh@uol.com.br,839-967-8131,Jiangshan
Luelle,Pogson,lpogsonli@e-recht24.de,342-310-2974,Houndé
Hebert,Maryska,hmaryskalj@dmoz.org,370-805-3147,Brwinów
Cristin,Lenchenko,clenchenkolk@archive.org,584-521-0824,Linshui
Harriot,Eastmead,heastmeadll@simplemachines.org,643-702-0515,Casimiro de Abreu
Starr,Crispe,scrispelm@indiegogo.com,775-351-3635,Tigbao
Dolores,Kowal,dkowalln@wikia.com,296-730-9851,Bouaké
Anthony,Dyer,adyerlo@narod.ru,578-400-1118,Cartago
Oralia,Gorstidge,ogorstidgelp@sina.com.cn,724-905-6711,Temayang
Giusto,Follitt,gfollittlq@spotify.com,955-431-8830,Heishan
Nevsa,Balser,nbalserlr@miitbeian.gov.cn,494-290-6628,Qasr Abu Hadi
Umeko,Jelk,ujelkls@google.nl,390-395-4655,Marquard
Phebe,Blenkiron,pblenkironlt@phpbb.com,252-602-2964,Qiaosi
Lesya,Longman,llongmanlu@engadget.com,346-670-7043,Rājo Khanāni
Charissa,Winger,cwingerlv@moonfruit.com,189-234-2542,Nishio
William,Sanper,wsanperlw@freewebs.com,611-238-1733,Lucerna
Jordain,Hayland,jhaylandlx@issuu.com,344-529-1290,Kostomuksha
Torrie,Woodes,twoodesly@mashable.com,181-204-2152,Qumudi
Lexie,Belchamber,lbelchamberlz@webmd.com,495-218-3865,Arţās
Rhetta,McNern,rmcnernm0@cdbaby.com,455-260-0808,Tegalsari
Carly,Andrzejewski,candrzejewskim1@ustream.tv,246-998-4556,Göteborg
Frederich,Durante,fdurantem2@g.co,215-255-7072,Bukhovo
Jesse,Slimming,jslimmingm3@free.fr,112-766-3311,Sulop
Sibylla,Colling,scollingm4@alibaba.com,205-948-5032,Stare Kurowo
Idell,Kennan,ikennanm5@cocolog-nifty.com,757-995-4471,Banjar Anyar
Henrie,Wittman,hwittmanm6@newsvine.com,889-170-9649,Calebasses
Albertine,Gatchell,agatchellm7@weather.com,319-487-1719,Longtou
Blancha,Bampkin,bbampkinm8@aboutads.info,410-629-3963,Poitiers
Desiri,Hann,dhannm9@ovh.net,335-949-4077,La Libertad
Mayne,Trevna,mtrevnama@ow.ly,558-943-8549,Novoukrainskiy
Zea,Delong,zdelongmb@mysql.com,668-759-9584,Karanganyar
Othello,Armell,oarmellmc@flickr.com,552-603-5980,Peukanbada
Falkner,Swetman,fswetmanmd@irs.gov,897-630-5818,Koina
Shirlene,Slyne,sslyneme@nba.com,741-816-9210,Pará de Minas
Chevalier,Boggon,cboggonmf@nymag.com,643-666-1320,Daszewice
Brooke,Closs,bclossmg@intel.com,166-554-0999,Phanom Sarakham
Munroe,Scneider,mscneidermh@yale.edu,537-657-8373,Dokshytsy
Westleigh,Holmyard,wholmyardmi@cargocollective.com,878-645-2820,Toupopu
Alissa,Alcide,aalcidemj@cnn.com,564-522-5862,Xiaomei
Kristoforo,Meardon,kmeardonmk@addthis.com,660-988-1423,Gaoping
Tomlin,Dusey,tduseyml@constantcontact.com,956-559-1102,Bardiyā
Minda,Bonnefin,mbonnefinmm@businesswire.com,254-383-6668,Dobrá
Hunt,Knevet,hknevetmn@java.com,995-560-5485,Cabean
Bliss,Newart,bnewartmo@printfriendly.com,392-950-5860,Bayan Hot
Tibold,Gallety,tgalletymp@yale.edu,878-999-6084,Hulei
Waylon,Pilbeam,wpilbeammq@stumbleupon.com,887-967-0516,Cochrane
Heath,Speed,hspeedmr@over-blog.com,112-770-6914,Carangola
Danyette,Casolla,dcasollams@usa.gov,672-334-5158,Jardim da Serra
Roselia,Ferrarin,rferrarinmt@nih.gov,817-787-8747,Bafang
Garnette,Gerdts,ggerdtsmu@edublogs.org,509-937-8098,Buri
Laurence,Gluyas,lgluyasmv@cdbaby.com,865-523-9230,Sąspów
Eulalie,Testro,etestromw@cocolog-nifty.com,124-233-3121,Guagua
Tonnie,Srawley,tsrawleymx@fc2.com,659-471-6043,Villeta
Timmy,Wark,twarkmy@edublogs.org,120-688-5778,Lianyuan
Marilin,Yellep,myellepmz@thetimes.co.uk,851-912-9071,Zhongpai
Lilias,Carnow,lcarnown0@hexun.com,202-787-1745,Washington
Avery,Rowthorn,arowthornn1@people.com.cn,258-255-4409,Lugulu
Jewelle,Van der Hoven,jvanderhovenn2@newsvine.com,411-219-7148,Lunao
Romona,MacCallester,rmaccallestern3@chicagotribune.com,847-620-2753,Al Khānkah
Friedrich,Bahl,fbahln4@jigsy.com,842-725-0211,Cipicung Timur
Mayne,Goldston,mgoldstonn5@princeton.edu,988-452-9441,Xiyuan
Gregory,Larive,glariven6@nature.com,301-952-2359,Nantes
Antonius,Bernhardt,abernhardtn7@reddit.com,430-825-1894,Changle
Valentin,Goulborn,vgoulbornn8@statcounter.com,840-569-6396,Jaboatão
Evelyn,Swetmore,eswetmoren9@squidoo.com,270-154-7030,Ntungamo
Katha,Winney,kwinneyna@mapy.cz,776-980-5251,Tsalka
Bobbie,Gosby,bgosbynb@bloomberg.com,627-755-5508,Santana do Livramento
Clare,Ruckman,cruckmannc@tiny.cc,902-660-0697,Jihlava
Darell,O'Griffin,dogriffinnd@acquirethisname.com,928-495-6854,Mała Wieś
Hilda,Labin,hlabinne@ihg.com,505-918-0806,Las Cruces
Lanna,Reina,lreinanf@apache.org,173-481-3862,San Antonio
Jammie,Ramet,jrametng@nytimes.com,504-790-8919,Roliça
Ettie,Pettman,epettmannh@so-net.ne.jp,670-576-3658,Carmo do Paranaíba
Giulio,Mandry,gmandryni@amazon.com,495-985-5908,Ängelholm
Cyrus,Bewshaw,cbewshawnj@pinterest.com,388-525-4912,Yanqul
Lizzy,Savage,lsavagenk@senate.gov,114-975-4607,Telagaselaba
Millie,Ohrtmann,mohrtmannnl@unesco.org,432-578-8550,Achoma
Daphene,Tirone,dtironenm@wordpress.org,805-535-7442,Gafsa
Jarad,de Banke,jdebankenn@nih.gov,782-386-2678,Atães
Dasya,Middlebrook,dmiddlebrookno@godaddy.com,263-624-2926,Brusque
Scotti,Bassom,sbassomnp@sun.com,964-545-1750,Kladruby
Jasmina,Boise,jboisenq@bizjournals.com,235-580-2747,Guyam Malaki
Josee,Giovannetti,jgiovannettinr@creativecommons.org,186-535-6929,Douz
Donna,Bowick,dbowickns@guardian.co.uk,768-339-5011,Solsona
Karmen,Tootell,ktootellnt@alexa.com,188-542-1852,Meixi
Sheeree,Burgum,sburgumnu@nih.gov,671-147-8850,Mafeteng
Christine,Howison,chowisonnv@jigsy.com,405-991-1422,Yeri
Marvin,Molder,mmoldernw@dailymail.co.uk,691-772-5041,Getulio
Bendix,Diano,bdianonx@list-manage.com,147-122-4661,Iiyama
Frannie,Ost,fostny@whitehouse.gov,614-643-8331,Arnprior
Shurlocke,Zapater,szapaternz@delicious.com,405-617-9893,Keli
Astrid,Ourry,aourryo0@istockphoto.com,305-671-2899,Tungawan
Flora,Bennit,fbennito1@columbia.edu,365-541-0438,Ibaté
Tarah,Buzzing,tbuzzingo2@pcworld.com,717-561-3384,Hengdong Chengguanzhen
Ara,Oager,aoagero3@vistaprint.com,882-774-0336,Hilotongan
Selina,Dunnan,sdunnano4@noaa.gov,357-565-7325,Santa Cruz do Bispo
Birgitta,Dudson,bdudsono5@harvard.edu,677-792-8124,Nangka
Geralda,Gregan,ggregano6@army.mil,961-119-3567,Huixian Chengguanzhen
Antonio,Mudie,amudieo7@microsoft.com,908-802-5451,Kota Kinabalu
Cynthia,Margerrison,cmargerrisono8@archive.org,983-871-4210,Mulhouse
Joella,Sherebrooke,jsherebrookeo9@scribd.com,255-648-9119,London
Sigismond,Bakhrushkin,sbakhrushkinoa@youku.com,871-781-1465,Brumado
Kean,Beall,kbeallob@chicagotribune.com,903-261-1875,Ikryanoye
Cacilia,Rubinfeld,crubinfeldoc@arstechnica.com,814-959-7355,Lameira
Britta,Presswell,bpresswellod@lulu.com,582-937-5059,Nanjie
Shani,Walthall,swalthalloe@networkadvertising.org,201-422-4409,Vrakháti
Marta,Kosel,mkoselof@auda.org.au,135-811-9651,Curvelo
Ignacio,Snoding,isnodingog@epa.gov,616-359-1051,Château-Richer
Emelia,Colomb,ecolomboh@fda.gov,180-673-3548,Wiesbaden
Earle,Ainscow,eainscowoi@addtoany.com,583-715-2617,Shchūchīnsk
Michele,Tunney,mtunneyoj@ow.ly,860-194-4215,Serednye Vodyane
Benedick,Rymell,brymellok@umich.edu,279-741-9946,Andaray
Eileen,Ismirnioglou,eismirnioglouol@dell.com,815-798-4135,Dao
Redd,Maron,rmaronom@blinklist.com,612-411-2893,Mikulintsy
Curtice,Leggan,clegganon@php.net,743-163-1454,Avignon
Jedidiah,Jacox,jjacoxoo@newyorker.com,253-707-3035,Kuching
Oralle,McKeown,omckeownop@who.int,322-635-1585,Malikisi
Dotti,Shadbolt,dshadboltoq@howstuffworks.com,353-874-2909,Sanguansi
Phillida,Pleasance,ppleasanceor@bluehost.com,906-589-9446,Daping
Elonore,Ducarne,educarneos@webmd.com,206-362-4531,Bellevue
Tony,Pooley,tpooleyot@uol.com.br,330-140-9540,San Pedro
Dorrie,Garstan,dgarstanou@statcounter.com,769-661-1927,Kampong Thom
Barton,Fawdry,bfawdryov@mysql.com,178-320-8236,Siao
Tris,Manuel,tmanuelow@tiny.cc,290-206-4645,Towa
Janice,Thomesson,jthomessonox@ocn.ne.jp,227-168-0123,Yasothon
Linus,Collete,lcolleteoy@1688.com,267-590-4290,Pangapisan
Early,Keedy,ekeedyoz@linkedin.com,117-477-2471,Solok Timur
Newton,Benoiton,nbenoitonp0@ning.com,875-638-3387,Qarqaraly
Jacintha,Shillabear,jshillabearp1@quantcast.com,434-711-5771,El Espino
Ceciley,Hatley,chatleyp2@hud.gov,272-375-3861,Shumikhinskiy
Erskine,Toulch,etoulchp3@mac.com,965-169-5762,Maia
Clari,Crucitti,ccrucittip4@soundcloud.com,534-654-9830,Ferreira do Zêzere
Cherlyn,Nurdin,cnurdinp5@java.com,531-149-8767,Casal Novo
Barry,Wyson,bwysonp6@apache.org,723-430-7292,San Pedro
Che,Gartland,cgartlandp7@creativecommons.org,738-382-1041,Hamburg Bramfeld
Cobby,Gelder,cgelderp8@paginegialle.it,811-502-7746,Stubno
Selby,Buttler,sbuttlerp9@xing.com,839-697-4825,Velká Dobrá
Luce,Dumbell,ldumbellpa@wisc.edu,834-916-3919,Uyuni
Morris,MacGorrie,mmacgorriepb@vistaprint.com,595-490-2411,Bīrganj
Darnell,Niemetz,dniemetzpc@apple.com,281-141-2722,Jatiraya
Angy,Howling,ahowlingpd@sun.com,937-436-1144,Biruinţa
Lee,Loachhead,lloachheadpe@cloudflare.com,916-151-6977,Pueblo Nuevo
Hayward,Bollon,hbollonpf@statcounter.com,557-950-4353,Bendorubuh
Angele,Seadon,aseadonpg@squidoo.com,515-409-0978,Hidalgo
Catherina,Farlamb,cfarlambph@prnewswire.com,580-544-0937,Stakhanov
Meara,Costerd,mcosterdpi@angelfire.com,916-816-3237,Lille
Clare,Hepher,chepherpj@nps.gov,584-167-6006,Kariya
Ingelbert,Solland,isollandpk@amazon.de,223-389-9927,Paraíso
Sayres,Mignot,smignotpl@ucoz.ru,630-424-8230,Gbadolite
Zorah,Muino,zmuinopm@berkeley.edu,312-395-8307,Manikchari
Angelita,Dulany,adulanypn@yandex.ru,543-795-9504,Ferreira do Alentejo
Oralle,Rhys,orhyspo@apache.org,797-688-8589,Ganting
Osborn,Getch,ogetchpp@ameblo.jp,847-892-7320,Santa Rosa
Raphaela,Muzzillo,rmuzzillopq@odnoklassniki.ru,304-287-8956,Vrtojba
Quincy,Jurca,qjurcapr@hatena.ne.jp,292-732-6297,Capayán
Livvyy,Beauchamp,lbeauchampps@sina.com.cn,751-149-1302,Ledeunu
Elmore,Tschursch,etschurschpt@cafepress.com,724-256-5489,Kedungwringin Satu
Leesa,Cicconetti,lcicconettipu@ucsd.edu,754-441-1317,Wrocław
Barbara-anne,Hartfield,bhartfieldpv@weather.com,223-507-5329,Barrouallie
Belia,Shepheard,bshepheardpw@shutterfly.com,689-773-5654,Calbuco
Ulises,Rubury,uruburypx@examiner.com,105-675-4390,Mogok
Kittie,Vagges,kvaggespy@cbslocal.com,490-875-8731,Karangsuko
Christos,Stokell,cstokellpz@dyndns.org,548-851-7058,Potrerillos
Rosemarie,Furlong,rfurlongq0@xinhuanet.com,613-906-7440,La Joya
Jacynth,Cicci,jcicciq1@altervista.org,602-485-2950,Bedadung Kulon
Blair,Stagg,bstaggq2@livejournal.com,667-105-2920,Ciranca
De,Dash,ddashq3@japanpost.jp,565-351-7176,Kushima
Debee,Cordeux,dcordeuxq4@com.com,335-851-5580,E’zhou
Ami,Totterdill,atotterdillq5@imgur.com,552-910-1387,Panzhou
Andi,Alastair,aalastairq6@symantec.com,476-216-4506,Kristianstad
Saunders,Kemish,skemishq7@drupal.org,361-808-7780,Gwio Kura
Onofredo,Napper,onapperq8@alibaba.com,724-290-8729,Manoel Urbano
Merilee,Lembrick,mlembrickq9@cisco.com,908-473-1856,Tangchijie
Timotheus,Gunningham,tgunninghamqa@friendfeed.com,935-669-4639,Horodok
Allayne,Mendes,amendesqb@unicef.org,367-243-8719,Oslo
Curr,Palffy,cpalffyqc@webeden.co.uk,941-172-3434,Ormož
Stafford,Winship,swinshipqd@cam.ac.uk,235-665-0589,Floriana
Dannie,Seatter,dseatterqe@google.fr,440-723-4216,Ciengang
Sheffie,Bottrell,sbottrellqf@fda.gov,388-731-5988,Nueve de Julio
Tabby,Mudie,tmudieqg@cnbc.com,350-877-4053,Parral
Corbie,Perocci,cperocciqh@imageshack.us,484-930-5315,Kungur
Pace,Cogley,pcogleyqi@ibm.com,426-606-7862,Đạ Tẻh
Olive,Edgeley,oedgeleyqj@nifty.com,785-640-5329,Topeka
Katrine,Fist,kfistqk@barnesandnoble.com,743-512-6079,Khanabad
Abba,Colbran,acolbranql@ning.com,640-294-3850,Kabarnet
Hamish,Bloodworthe,hbloodwortheqm@ebay.co.uk,744-671-5378,Arroyo Naranjo
Amerigo,Grenshiels,agrenshielsqn@people.com.cn,558-221-0887,Sisŏphŏn
Oralie,Haldon,ohaldonqo@rambler.ru,155-938-5817,Dadong
Del,Bursnoll,dbursnollqp@surveymonkey.com,672-529-6096,Matagbak
Duane,Keddy,dkeddyqq@apple.com,626-665-7830,Malabang
Simon,Bownas,sbownasqr@technorati.com,904-993-0988,Fengle
Holden,Danell,hdanellqs@tumblr.com,754-307-5617,Kopang Satu
Iolanthe,Alessandrucci,ialessandrucciqt@nih.gov,748-716-7785,Kłomnice
Arlen,Pimlett,apimlettqu@infoseek.co.jp,192-501-6559,Staryy Cherek
Nancee,Craythorn,ncraythornqv@typepad.com,247-366-6439,Moulay Abdallah
Daria,Copins,dcopinsqw@xrea.com,308-378-8190,Huangshi
Adi,Duplan,aduplanqx@ed.gov,526-850-1253,Magnitka
Brandon,Pittway,bpittwayqy@yellowbook.com,268-297-2794,Narong
Corri,Rusbridge,crusbridgeqz@newsvine.com,137-419-3350,Šibenik
Heda,Donn,hdonnr0@prlog.org,939-388-4655,Outeiro
Alvan,Le Grys,alegrysr1@nymag.com,189-927-5571,Quimistán
Kalle,Shickle,kshickler2@smh.com.au,302-432-1399,Nizhniye Achaluki
Federica,Menure,fmenurer3@wikimedia.org,768-974-3700,Centenario
Perrine,Heild,pheildr4@foxnews.com,115-879-1995,Novominskaya
Francene,Grimsdale,fgrimsdaler5@cdc.gov,251-557-7781,Yasothon
Kile,Feedham,kfeedhamr6@over-blog.com,231-338-7288,Dodol
Dasha,Marshland,dmarshlandr7@ovh.net,371-998-0737,Adigeni
Domenic,Ellcome,dellcomer8@hubpages.com,372-482-9151,Xin’an
Sascha,Coale,scoaler9@epa.gov,501-222-5150,Little Rock
Mommy,Rollings,mrollingsra@harvard.edu,803-401-9545,Aulnay-sous-Bois
Mamie,Courtliff,mcourtliffrb@slashdot.org,565-788-1877,Dongfu
Gabby,Leiden,gleidenrc@arizona.edu,311-308-5257,Huacheng
Gilbertine,Blundel,gblundelrd@apache.org,309-337-1412,Jiangyin
Odilia,Sherer,oshererre@ezinearticles.com,670-932-4934,Kyaiklat
Whit,Raden,wradenrf@g.co,922-686-2419,Shidong
Steven,Hadleigh,shadleighrg@unesco.org,995-769-1050,Huilong
Bella,Summerell,bsummerellrh@issuu.com,637-104-2028,Dobrá
Letitia,Pinnigar,lpinnigarri@elegantthemes.com,105-945-5005,Zhangxi
Ellsworth,Raff,eraffrj@xing.com,660-472-2172,Bukavu
Berti,Drillingcourt,bdrillingcourtrk@wunderground.com,165-493-5936,Los Cedrales
Belva,Iddenden,biddendenrl@meetup.com,964-783-5122,Kangasala
Ruttger,Dobbson,rdobbsonrm@etsy.com,237-299-1524,Uusikaupunki
Phyllis,Dore,pdorern@pen.io,181-994-6250,Tamandaré
Morgan,Else,melsero@mozilla.org,544-907-1750,Araraquara
Henryetta,Brokenshaw,hbrokenshawrp@unicef.org,145-749-7191,Uppsala
Rance,Rudinger,rrudingerrq@purevolume.com,359-486-8677,Chengzhai
Ibrahim,Rosso,irossorr@dagondesign.com,931-459-2280,Belén de Umbría